min_batch,build_commit,build_number,cpu_info,gpu_info,backends,model_filename,model_type,model_size,model_n_params,n_batch,n_ubatch,n_threads,cpu_mask,cpu_strict,poll,type_k,type_v,n_gpu_layers,n_cpu_moe,split_mode,main_gpu,no_kv_offload,flash_attn,devices,tensor_split,tensor_buft_overrides,load_mode,embeddings,no_op_offload,no_host,fit_target,fit_min_ctx,n_prompt,n_gen,n_depth,test_time,avg_ns,stddev_ns,avg_ts,stddev_ts
8,"c0bc859","1","AMD Ryzen AI 7 350 w/ Radeon 860M","NVIDIA GeForce RTX 5060 Laptop GPU","CUDA","/home/tanto/models/Meta-Llama-3.1-8B-Instruct-Q4_K_M.gguf","llama 8B Q4_K - Medium","4912898304","8030261312","2048","512","8","0x0","0","50","f16","f16","16","0","layer","0","0","-1","auto","0.00","none","mmap","0","0","0","0","0","8","0","0","2026-08-20T00:28:59Z","232266612","12215145","34.514597","1.697635"
8,"c0bc859","1","AMD Ryzen AI 7 350 w/ Radeon 860M","NVIDIA GeForce RTX 5060 Laptop GPU","CUDA","/home/tanto/models/Meta-Llama-3.1-8B-Instruct-Q4_K_M.gguf","llama 8B Q4_K - Medium","4912898304","8030261312","2048","512","8","0x0","0","50","f16","f16","16","0","layer","0","0","-1","auto","0.00","none","mmap","0","0","0","0","0","16","0","0","2026-08-20T00:29:00Z","220762442","6447508","72.523917","2.046933"
8,"c0bc859","1","AMD Ryzen AI 7 350 w/ Radeon 860M","NVIDIA GeForce RTX 5060 Laptop GPU","CUDA","/home/tanto/models/Meta-Llama-3.1-8B-Instruct-Q4_K_M.gguf","llama 8B Q4_K - Medium","4912898304","8030261312","2048","512","8","0x0","0","50","f16","f16","16","0","layer","0","0","-1","auto","0.00","none","mmap","0","0","0","0","0","24","0","0","2026-08-20T00:29:02Z","226327939","6938101","106.118651","3.174151"
8,"c0bc859","1","AMD Ryzen AI 7 350 w/ Radeon 860M","NVIDIA GeForce RTX 5060 Laptop GPU","CUDA","/home/tanto/models/Meta-Llama-3.1-8B-Instruct-Q4_K_M.gguf","llama 8B Q4_K - Medium","4912898304","8030261312","2048","512","8","0x0","0","50","f16","f16","16","0","layer","0","0","-1","auto","0.00","none","mmap","0","0","0","0","0","32","0","0","2026-08-20T00:29:03Z","200179163","4450411","159.919390","3.519809"
8,"c0bc859","1","AMD Ryzen AI 7 350 w/ Radeon 860M","NVIDIA GeForce RTX 5060 Laptop GPU","CUDA","/home/tanto/models/Meta-Llama-3.1-8B-Instruct-Q4_K_M.gguf","llama 8B Q4_K - Medium","4912898304","8030261312","2048","512","8","0x0","0","50","f16","f16","16","0","layer","0","0","-1","auto","0.00","none","mmap","0","0","0","0","0","48","0","0","2026-08-20T00:29:04Z","214054632","8156164","224.497708","8.398320"
8,"c0bc859","1","AMD Ryzen AI 7 350 w/ Radeon 860M","NVIDIA GeForce RTX 5060 Laptop GPU","CUDA","/home/tanto/models/Meta-Llama-3.1-8B-Instruct-Q4_K_M.gguf","llama 8B Q4_K - Medium","4912898304","8030261312","2048","512","8","0x0","0","50","f16","f16","16","0","layer","0","0","-1","auto","0.00","none","mmap","0","0","0","0","0","64","0","0","2026-08-20T00:29:05Z","217347022","7936692","294.772424","10.697161"
8,"c0bc859","1","AMD Ryzen AI 7 350 w/ Radeon 860M","NVIDIA GeForce RTX 5060 Laptop GPU","CUDA","/home/tanto/models/Meta-Llama-3.1-8B-Instruct-Q4_K_M.gguf","llama 8B Q4_K - Medium","4912898304","8030261312","2048","512","8","0x0","0","50","f16","f16","16","0","layer","0","0","-1","auto","0.00","none","mmap","0","0","0","0","0","128","0","0","2026-08-20T00:29:07Z","232006791","6688150","552.064236","15.449676"
14,"c0bc859","1","AMD Ryzen AI 7 350 w/ Radeon 860M","NVIDIA GeForce RTX 5060 Laptop GPU","CUDA","/home/tanto/models/Meta-Llama-3.1-8B-Instruct-Q4_K_M.gguf","llama 8B Q4_K - Medium","4912898304","8030261312","2048","512","8","0x0","0","50","f16","f16","16","0","layer","0","0","-1","auto","0.00","none","mmap","0","0","0","0","0","8","0","0","2026-08-20T00:29:09Z","125830688","7520422","63.750095","3.611891"
14,"c0bc859","1","AMD Ryzen AI 7 350 w/ Radeon 860M","NVIDIA GeForce RTX 5060 Laptop GPU","CUDA","/home/tanto/models/Meta-Llama-3.1-8B-Instruct-Q4_K_M.gguf","llama 8B Q4_K - Medium","4912898304","8030261312","2048","512","8","0x0","0","50","f16","f16","16","0","layer","0","0","-1","auto","0.00","none","mmap","0","0","0","0","0","16","0","0","2026-08-20T00:29:10Z","225273792","15945367","71.290072","4.690146"
14,"c0bc859","1","AMD Ryzen AI 7 350 w/ Radeon 860M","NVIDIA GeForce RTX 5060 Laptop GPU","CUDA","/home/tanto/models/Meta-Llama-3.1-8B-Instruct-Q4_K_M.gguf","llama 8B Q4_K - Medium","4912898304","8030261312","2048","512","8","0x0","0","50","f16","f16","16","0","layer","0","0","-1","auto","0.00","none","mmap","0","0","0","0","0","24","0","0","2026-08-20T00:29:11Z","222757392","5595766","107.794580","2.690087"
14,"c0bc859","1","AMD Ryzen AI 7 350 w/ Radeon 860M","NVIDIA GeForce RTX 5060 Laptop GPU","CUDA","/home/tanto/models/Meta-Llama-3.1-8B-Instruct-Q4_K_M.gguf","llama 8B Q4_K - Medium","4912898304","8030261312","2048","512","8","0x0","0","50","f16","f16","16","0","layer","0","0","-1","auto","0.00","none","mmap","0","0","0","0","0","32","0","0","2026-08-20T00:29:13Z","210055892","7910789","152.509582","5.616885"
14,"c0bc859","1","AMD Ryzen AI 7 350 w/ Radeon 860M","NVIDIA GeForce RTX 5060 Laptop GPU","CUDA","/home/tanto/models/Meta-Llama-3.1-8B-Instruct-Q4_K_M.gguf","llama 8B Q4_K - Medium","4912898304","8030261312","2048","512","8","0x0","0","50","f16","f16","16","0","layer","0","0","-1","auto","0.00","none","mmap","0","0","0","0","0","48","0","0","2026-08-20T00:29:14Z","208886893","6294626","229.955254","6.879941"
14,"c0bc859","1","AMD Ryzen AI 7 350 w/ Radeon 860M","NVIDIA GeForce RTX 5060 Laptop GPU","CUDA","/home/tanto/models/Meta-Llama-3.1-8B-Instruct-Q4_K_M.gguf","llama 8B Q4_K - Medium","4912898304","8030261312","2048","512","8","0x0","0","50","f16","f16","16","0","layer","0","0","-1","auto","0.00","none","mmap","0","0","0","0","0","64","0","0","2026-08-20T00:29:15Z","212615026","4520755","301.121990","6.377391"
14,"c0bc859","1","AMD Ryzen AI 7 350 w/ Radeon 860M","NVIDIA GeForce RTX 5060 Laptop GPU","CUDA","/home/tanto/models/Meta-Llama-3.1-8B-Instruct-Q4_K_M.gguf","llama 8B Q4_K - Medium","4912898304","8030261312","2048","512","8","0x0","0","50","f16","f16","16","0","layer","0","0","-1","auto","0.00","none","mmap","0","0","0","0","0","128","0","0","2026-08-20T00:29:16Z","232983729","6569914","549.741484","15.382212"
24,"c0bc859","1","AMD Ryzen AI 7 350 w/ Radeon 860M","NVIDIA GeForce RTX 5060 Laptop GPU","CUDA","/home/tanto/models/Meta-Llama-3.1-8B-Instruct-Q4_K_M.gguf","llama 8B Q4_K - Medium","4912898304","8030261312","2048","512","8","0x0","0","50","f16","f16","16","0","layer","0","0","-1","auto","0.00","none","mmap","0","0","0","0","0","8","0","0","2026-08-20T00:29:19Z","133719992","6936445","59.952737","3.044410"
24,"c0bc859","1","AMD Ryzen AI 7 350 w/ Radeon 860M","NVIDIA GeForce RTX 5060 Laptop GPU","CUDA","/home/tanto/models/Meta-Llama-3.1-8B-Instruct-Q4_K_M.gguf","llama 8B Q4_K - Medium","4912898304","8030261312","2048","512","8","0x0","0","50","f16","f16","16","0","layer","0","0","-1","auto","0.00","none","mmap","0","0","0","0","0","16","0","0","2026-08-20T00:29:20Z","215174566","1251134","74.360241","0.432096"
24,"c0bc859","1","AMD Ryzen AI 7 350 w/ Radeon 860M","NVIDIA GeForce RTX 5060 Laptop GPU","CUDA","/home/tanto/models/Meta-Llama-3.1-8B-Instruct-Q4_K_M.gguf","llama 8B Q4_K - Medium","4912898304","8030261312","2048","512","8","0x0","0","50","f16","f16","16","0","layer","0","0","-1","auto","0.00","none","mmap","0","0","0","0","0","24","0","0","2026-08-20T00:29:21Z","230076552","12505666","104.554514","5.554518"
24,"c0bc859","1","AMD Ryzen AI 7 350 w/ Radeon 860M","NVIDIA GeForce RTX 5060 Laptop GPU","CUDA","/home/tanto/models/Meta-Llama-3.1-8B-Instruct-Q4_K_M.gguf","llama 8B Q4_K - Medium","4912898304","8030261312","2048","512","8","0x0","0","50","f16","f16","16","0","layer","0","0","-1","auto","0.00","none","mmap","0","0","0","0","0","32","0","0","2026-08-20T00:29:22Z","205988957","4259058","155.400713","3.179299"
24,"c0bc859","1","AMD Ryzen AI 7 350 w/ Radeon 860M","NVIDIA GeForce RTX 5060 Laptop GPU","CUDA","/home/tanto/models/Meta-Llama-3.1-8B-Instruct-Q4_K_M.gguf","llama 8B Q4_K - Medium","4912898304","8030261312","2048","512","8","0x0","0","50","f16","f16","16","0","layer","0","0","-1","auto","0.00","none","mmap","0","0","0","0","0","48","0","0","2026-08-20T00:29:24Z","714934274","1128243393","186.172151","94.445559"
24,"c0bc859","1","AMD Ryzen AI 7 350 w/ Radeon 860M","NVIDIA GeForce RTX 5060 Laptop GPU","CUDA","/home/tanto/models/Meta-Llama-3.1-8B-Instruct-Q4_K_M.gguf","llama 8B Q4_K - Medium","4912898304","8030261312","2048","512","8","0x0","0","50","f16","f16","16","0","layer","0","0","-1","auto","0.00","none","mmap","0","0","0","0","0","64","0","0","2026-08-20T00:29:27Z","223790292","8262583","286.298056","10.700687"
24,"c0bc859","1","AMD Ryzen AI 7 350 w/ Radeon 860M","NVIDIA GeForce RTX 5060 Laptop GPU","CUDA","/home/tanto/models/Meta-Llama-3.1-8B-Instruct-Q4_K_M.gguf","llama 8B Q4_K - Medium","4912898304","8030261312","2048","512","8","0x0","0","50","f16","f16","16","0","layer","0","0","-1","auto","0.00","none","mmap","0","0","0","0","0","128","0","0","2026-08-20T00:29:29Z","249476097","4734573","513.221224","9.618708"
32,"c0bc859","1","AMD Ryzen AI 7 350 w/ Radeon 860M","NVIDIA GeForce RTX 5060 Laptop GPU","CUDA","/home/tanto/models/Meta-Llama-3.1-8B-Instruct-Q4_K_M.gguf","llama 8B Q4_K - Medium","4912898304","8030261312","2048","512","8","0x0","0","50","f16","f16","16","0","layer","0","0","-1","auto","0.00","none","mmap","0","0","0","0","0","8","0","0","2026-08-20T00:29:31Z","138960344","9398602","57.767327","3.642134"
32,"c0bc859","1","AMD Ryzen AI 7 350 w/ Radeon 860M","NVIDIA GeForce RTX 5060 Laptop GPU","CUDA","/home/tanto/models/Meta-Llama-3.1-8B-Instruct-Q4_K_M.gguf","llama 8B Q4_K - Medium","4912898304","8030261312","2048","512","8","0x0","0","50","f16","f16","16","0","layer","0","0","-1","auto","0.00","none","mmap","0","0","0","0","0","16","0","0","2026-08-20T00:29:32Z","249706637","18303747","64.358879","4.848906"
32,"c0bc859","1","AMD Ryzen AI 7 350 w/ Radeon 860M","NVIDIA GeForce RTX 5060 Laptop GPU","CUDA","/home/tanto/models/Meta-Llama-3.1-8B-Instruct-Q4_K_M.gguf","llama 8B Q4_K - Medium","4912898304","8030261312","2048","512","8","0x0","0","50","f16","f16","16","0","layer","0","0","-1","auto","0.00","none","mmap","0","0","0","0","0","24","0","0","2026-08-20T00:29:34Z","335565531","27197361","71.863279","5.279496"
32,"c0bc859","1","AMD Ryzen AI 7 350 w/ Radeon 860M","NVIDIA GeForce RTX 5060 Laptop GPU","CUDA","/home/tanto/models/Meta-Llama-3.1-8B-Instruct-Q4_K_M.gguf","llama 8B Q4_K - Medium","4912898304","8030261312","2048","512","8","0x0","0","50","f16","f16","16","0","layer","0","0","-1","auto","0.00","none","mmap","0","0","0","0","0","32","0","0","2026-08-20T00:29:36Z","199044913","6085407","160.885063","4.797801"
32,"c0bc859","1","AMD Ryzen AI 7 350 w/ Radeon 860M","NVIDIA GeForce RTX 5060 Laptop GPU","CUDA","/home/tanto/models/Meta-Llama-3.1-8B-Instruct-Q4_K_M.gguf","llama 8B Q4_K - Medium","4912898304","8030261312","2048","512","8","0x0","0","50","f16","f16","16","0","layer","0","0","-1","auto","0.00","none","mmap","0","0","0","0","0","48","0","0","2026-08-20T00:29:37Z","216879839","15342814","222.186784","15.304131"
32,"c0bc859","1","AMD Ryzen AI 7 350 w/ Radeon 860M","NVIDIA GeForce RTX 5060 Laptop GPU","CUDA","/home/tanto/models/Meta-Llama-3.1-8B-Instruct-Q4_K_M.gguf","llama 8B Q4_K - Medium","4912898304","8030261312","2048","512","8","0x0","0","50","f16","f16","16","0","layer","0","0","-1","auto","0.00","none","mmap","0","0","0","0","0","64","0","0","2026-08-20T00:29:38Z","298908531","76416932","225.376094","55.399054"
32,"c0bc859","1","AMD Ryzen AI 7 350 w/ Radeon 860M","NVIDIA GeForce RTX 5060 Laptop GPU","CUDA","/home/tanto/models/Meta-Llama-3.1-8B-Instruct-Q4_K_M.gguf","llama 8B Q4_K - Medium","4912898304","8030261312","2048","512","8","0x0","0","50","f16","f16","16","0","layer","0","0","-1","auto","0.00","none","mmap","0","0","0","0","0","128","0","0","2026-08-20T00:29:40Z","279147008","18123196","460.078896","29.694508"
64,"c0bc859","1","AMD Ryzen AI 7 350 w/ Radeon 860M","NVIDIA GeForce RTX 5060 Laptop GPU","CUDA","/home/tanto/models/Meta-Llama-3.1-8B-Instruct-Q4_K_M.gguf","llama 8B Q4_K - Medium","4912898304","8030261312","2048","512","8","0x0","0","50","f16","f16","16","0","layer","0","0","-1","auto","0.00","none","mmap","0","0","0","0","0","8","0","0","2026-08-20T00:29:43Z","124837562","7449538","64.258713","3.677135"
64,"c0bc859","1","AMD Ryzen AI 7 350 w/ Radeon 860M","NVIDIA GeForce RTX 5060 Laptop GPU","CUDA","/home/tanto/models/Meta-Llama-3.1-8B-Instruct-Q4_K_M.gguf","llama 8B Q4_K - Medium","4912898304","8030261312","2048","512","8","0x0","0","50","f16","f16","16","0","layer","0","0","-1","auto","0.00","none","mmap","0","0","0","0","0","16","0","0","2026-08-20T00:29:44Z","231312358","16448860","69.436563","4.679645"
64,"c0bc859","1","AMD Ryzen AI 7 350 w/ Radeon 860M","NVIDIA GeForce RTX 5060 Laptop GPU","CUDA","/home/tanto/models/Meta-Llama-3.1-8B-Instruct-Q4_K_M.gguf","llama 8B Q4_K - Medium","4912898304","8030261312","2048","512","8","0x0","0","50","f16","f16","16","0","layer","0","0","-1","auto","0.00","none","mmap","0","0","0","0","0","24","0","0","2026-08-20T00:29:45Z","386946041","25109625","62.231956","4.005900"
64,"c0bc859","1","AMD Ryzen AI 7 350 w/ Radeon 860M","NVIDIA GeForce RTX 5060 Laptop GPU","CUDA","/home/tanto/models/Meta-Llama-3.1-8B-Instruct-Q4_K_M.gguf","llama 8B Q4_K - Medium","4912898304","8030261312","2048","512","8","0x0","0","50","f16","f16","16","0","layer","0","0","-1","auto","0.00","none","mmap","0","0","0","0","0","32","0","0","2026-08-20T00:29:48Z","445964453","27700258","71.970211","4.346341"
64,"c0bc859","1","AMD Ryzen AI 7 350 w/ Radeon 860M","NVIDIA GeForce RTX 5060 Laptop GPU","CUDA","/home/tanto/models/Meta-Llama-3.1-8B-Instruct-Q4_K_M.gguf","llama 8B Q4_K - Medium","4912898304","8030261312","2048","512","8","0x0","0","50","f16","f16","16","0","layer","0","0","-1","auto","0.00","none","mmap","0","0","0","0","0","48","0","0","2026-08-20T00:29:50Z","672915306","14812876","71.359408","1.589878"
64,"c0bc859","1","AMD Ryzen AI 7 350 w/ Radeon 860M","NVIDIA GeForce RTX 5060 Laptop GPU","CUDA","/home/tanto/models/Meta-Llama-3.1-8B-Instruct-Q4_K_M.gguf","llama 8B Q4_K - Medium","4912898304","8030261312","2048","512","8","0x0","0","50","f16","f16","16","0","layer","0","0","-1","auto","0.00","none","mmap","0","0","0","0","0","64","0","0","2026-08-20T00:29:54Z","250917126","21939573","256.472010","20.128282"
64,"c0bc859","1","AMD Ryzen AI 7 350 w/ Radeon 860M","NVIDIA GeForce RTX 5060 Laptop GPU","CUDA","/home/tanto/models/Meta-Llama-3.1-8B-Instruct-Q4_K_M.gguf","llama 8B Q4_K - Medium","4912898304","8030261312","2048","512","8","0x0","0","50","f16","f16","16","0","layer","0","0","-1","auto","0.00","none","mmap","0","0","0","0","0","128","0","0","2026-08-20T00:29:56Z","257385953","45948151","507.823670","73.700267"
